album,artist,issue_date
Thriller,Michael Jackson,January 7
Sports,Huey Lewis and the News,June 30
Born in the U.S.A.,Bruce Springsteen,July 7
Purple Rain,Prince,August 4
Business as Usual,Men at Work,January 1
Thriller,Michael Jackson,February 26
Synchronicity,The Police,July 23
Metal Health,Quiet Riot,November 26
Can't Slow Down,Lionel Richie,December 3
For Those About to Rock We Salute You,AC/DC,January 2
Freeze Frame,The J. Geils Band,February 6
Beauty and the Beat,Go-Go’s,March 6
Chariots of Fire,Vangelis,April 17
Tug of War,Paul McCartney,May 29
Mirage,Fleetwood Mac,August 7
American Fool,John Cougar,September 11
Business as Usual,Men at Work,November 13
Double Fantasy,John Lennon,January 3
Hi Infidelity,REO Speedwagon,February 21
Paradise Theatre,Styx,April 4
Mistaken Identity,Kim Carnes,June 27
Long Distance Voyager,The Moody Blues,July 25
Precious Time,Pat Benatar,August 15
Bella Donna,Stevie Nicks,September 5
Escape,Journey,September 12
Tattoo You,The Rolling Stones,September 19
For Those About to Rock We Salute You,AC/DC,December 26
On the Radio: Greatest Hits Volumes I & II,Donna Summer,January 5
Bee Gees Greatest,Bee Gees,January 12
The Wall,Pink Floyd,January 19
Against the Wind,Bob Seger & the Silver Bullet Band,May 3
Glass Houses,Billy Joel,June 14
Emotional Rescue,The Rolling Stones,July 26
Hold Out,Jackson Browne,September 13
The Game,Queen,September 20
Guilty,Barbra Streisand,October 25
The River,Bruce Springsteen,November 8
Kenny Rogers' Greatest Hits,Kenny Rogers,December 13
Double Fantasy,John Lennon,December 27
Barbra Streisand's Greatest Hits Vol. 2,Barbra Streisand,January 6
52nd Street,Billy Joel,January 27
Briefcase Full of Blues,Blues Brothers,February 3
Blondes Have More Fun,Rod Stewart,February 10
Spirits Having Flown,Bee Gees,March 3
Minute by Minute,Doobie Brothers,April 7
Breakfast in America,Supertramp,May 19
Bad Girls,Donna Summer,June 16
Get the Knack,The Knack,August 11
In Through the Out Door,Led Zeppelin,September 15
The Long Run,Eagles,November 3
Rumours,Fleetwood Mac,January 7
Saturday Night Fever,Bee Gees,January 21
City to City,Gerry Rafferty,July 8
Some Girls,The Rolling Stones,July 15
Grease,Soundtrack,July 29
Don't Look Back,Boston,September 16
Living in the USA,Linda Ronstadt,November 4
Live and More,Donna Summer,November 11
52nd Street,Billy Joel,November 18
Songs in the Key of Life,Stevie Wonder,January 1
Hotel California,Eagles,January 15
Wings over America,Wings,January 22
A Star Is Born,Streisand,February 12
Rumours,Fleetwood Mac,April 2
Barry Manilow Live,Barry Manilow,July 16
Simple Dreams,Linda Ronstadt,December 3
Chicago IX: Chicago's Greatest Hits,Chicago,January 3
Gratitude,"Earth, Wind & Fire",January 17
Desire,Bob Dylan,February 7
Their Greatest Hits (1971-1975),Eagles,March 13
Frampton Comes Alive!,Peter Frampton,April 10
Wings at the Speed of Sound,Wings,April 24
Presence,Led Zeppelin,May 1
Black and Blue,The Rolling Stones,May 15
Breezin',George Benson,July 31
Fleetwood Mac,Fleetwood Mac,September 4
Songs in the Key of Life,Stevie Wonder,October 16
Elton John's Greatest Hits,Elton John,January 4
Heart Like a Wheel,Linda Ronstadt,February 15
Blood on the Tracks,Bob Dylan,March 1
Have You Never Been Mellow,Olivia Newton-John,March 15
Physical Graffiti,Led Zeppelin,March 22
Chicago VIII,Chicago,May 3
That's the Way of the World,"Earth, Wind & Fire",May 17
Venus and Mars,Wings,July 19
One of These Nights,Eagles,July 26
Red Octopus,Jefferson Starship,September 6
The Heat Is On,The Isley Brothers,September 13
Between the Lines,Janis Ian,September 20
Wish You Were Here,Pink Floyd,October 4
Windsong,John Denver,October 18
Still Crazy After All These Years,Paul Simon,December 6
Seventh Sojourn,The Moody Blues,January 6
No Secrets,Carly Simon,January 13
The World Is A Ghetto,War,February 17
Don't Shoot Me I'm Only the Piano Player,Elton John,March 3
Lady Sings the Blues,Diana Ross,April 7
Billion Dollar Babies,Alice Cooper,April 21
The Dark Side of the Moon,Pink Floyd,April 28
Aloha from Hawaii Via Satellite,Elvis Presley,May 5
Houses of the Holy,Led Zeppelin,May 12
1967-1970,The Beatles,May 26
Red Rose Speedway,Paul McCartney & Wings,June 2
Living in the Material World,George Harrison,June 23
Chicago VI,Chicago,July 28
A Passion Play,Jethro Tull,August 18
Brothers and Sisters,The Allman Brothers Band,September 8
Goats Head Soup,The Rolling Stones,October 13
Music,Carole King,January 1
American Pie,Don McLean,January 22
Harvest,Neil Young,March 11
America,America,March 25
First Take,Roberta Flack,April 29
Thick as a Brick,Jethro Tull,June 3
Exile on Main St.,The Rolling Stones,June 17
Honky Château,Elton John,July 15
Chicago V,Chicago,August 19
Super Fly,Curtis Mayfield,October 21
Catch Bull at Four,Cat Stevens,November 18
Seventh Sojourn,The Moody Blues,December 9
All Things Must Pass,George Harrison,January 2
Pearl,Janis Joplin,February 27
4 Way Street,"Crosby, Stills, Nash & Young",May 15
Sticky Fingers,The Rolling Stones,May 22
Tapestry,Carole King,June 19
Every Picture Tells a Story,Rod Stewart,October 2
Imagine,John Lennon,October 30
Shaft,Isaac Hayes,November 6
Santana III,Santana,November 13
There's a Riot Goin' On,Sly & the Family Stone,December 18
Abbey Road,The Beatles,January 3
Led Zeppelin II,Led Zeppelin,January 17
Bridge over Troubled Water,Simon & Garfunkel,March 7
Déjà Vu,"Crosby, Stills, Nash & Young",May 16
McCartney,Paul McCartney,May 23
Let It Be,The Beatles,June 13
"Blood, Sweat & Tears 3","Blood, Sweat & Tears",August 8
Cosmo's Factory,Creedence Clearwater Revival,August 22
Abraxas,Santana,October 24
Led Zeppelin III,Led Zeppelin,October 31
25,Adele,January 2
Blackstar,David Bowie,January 30
Death of a Bachelor,Panic! at the Disco,February 6
Anti,Rihanna,February 20
Evol,Future,February 27
"I Like It When You Sleep, for You Are So Beautiful yet So Unaware of It",The 1975,March 19
untitled unmastered.,Kendrick Lamar,March 26
This Is What the Truth Feels Like,Gwen Stefani,April 9
Mind of Mine,Zayn,April 16
The Life of Pablo,Kanye West,April 23
Cleopatra,The Lumineers,April 30
The Very Best of Prince,Prince,May 7
Lemonade,Beyoncé,May 14
Views,Drake,May 21
California,Blink-182,July 23
Major Key,DJ Khaled,August 20
Blonde,Frank Ocean,September 10
Encore: Movie Partners Sing Broadway,Barbra Streisand,September 17
Birds in the Trap Sing McKnight,Travis Scott,
They Don't Know,Jason Aldean,October 1
Illuminate,Shawn Mendes,October 15
A Seat at the Table,Solange,October 22
Revolution Radio,Green Day,October 29
Walls,Kings of Leon,November 5
Joanne,Lady Gaga,November 12
Trap or Die 3,Jeezy,November 19
This House Is Not for Sale,Bon Jovi,November 26
We Got It from Here... Thank You 4 Your Service,A Tribe Called Quest,December 3
Hardwired... to Self-Destruct,Metallica,December 10
Starboy,The Weeknd,December 17
4 Your Eyez Only,J. Cole,December 31
Fine Line,Harry Styles,January 4
JackBoys,JackBoys,January 11
Please Excuse Me for Being Antisocial,Roddy Ricch,January 18
Rare,Selena Gomez,January 25
Music to Be Murdered By,Eminem,February 1
Funeral,Lil Wayne,February 15
Changes,Justin Bieber,February 29
Map of the Soul: 7,BTS,March 7
My Turn,Lil Baby,March 14
Eternal Atake,Lil Uzi Vert,March 21
After Hours,The Weeknd,April 4
Blame It on Baby,DaBaby,May 2
38 Baby 2,YoungBoy Never Broke Again,May 9
Here and Now,Kenny Chesney,May 16
Good Intentions,Nav,May 23
High Off Life,Future,May 30
Wunna,Gunna,June 6
Chromatica,Lady Gaga,June 13
"Shoot for the Stars, Aim for the Moon",Pop Smoke,July 18
Legends Never Die,Juice Wrld,July 25
Folklore,Taylor Swift,August 8
Detroit 2,Big Sean,September 19
Tickets to My Downfall,Machine Gun Kelly,October 10
Savage Mode II,21 Savage,October 17
What You See Is What You Get,Luke Combs,November 7
Positions,Ariana Grande,November 14
Power Up,AC/DC,November 28
El Último Tour Del Mundo,Bad Bunny,December 12
Wonder,Shawn Mendes,December 19
I Am > I Was,21 Savage,January 5
Hoodie SZN,A Boogie wit da Hoodie,January 19
Future Hndrxx Presents: The Wizrd,Future,February 2
DNA,Backstreet Boys,February 9
"Thank U, Next",Ariana Grande,February 23
A Star Is Born,Lady Gaga,March 9
"Wasteland, Baby!",Hozier,March 16
Death Race for Love,Juice Wrld,March 23
Bad Habits,Nav,April 6
"When We All Fall Asleep, Where Do We Go?",Billie Eilish,April 13
Free Spirit,Khalid,April 20
Map of the Soul: Persona,BTS,April 27
Hurts 2B Human,Pink,May 11
Father of the Bride,Vampire Weekend,May 18
Confessions of a Dangerous Mind,Logic,May 25
Igor,"Tyler, the Creator",June 1
Center Point Road,Thomas Rhett,June 15
Happiness Begins,Jonas Brothers,June 22
Madame X,Madonna,June 29
Help Us Stranger,The Raconteurs,July 6
Indigo,Chris Brown,July 13
Revenge of the Dreamers III,Dreamville,July 20
No.6 Collaborations Project,Ed Sheeran,July 27
The Search,NF,August 10
Care Package,Drake,August 17
We Are Not Your Kind,Slipknot,August 24
So Much Fun,Young Thug,August 31
Lover,Taylor Swift,September 7
Fear Inoculum,Tool,September 14
Hollywood's Bleeding,Post Malone,September 21
Kirk,DaBaby,October 12
SuperM – The 1st Mini Album,SuperM,October 19
AI YoungBoy 2,YoungBoy Never Broke Again,October 26
Jesus Is King,Kanye West,November 9
What You See Is What You Get,Luke Combs,November 23
Courage,Celine Dion,November 30
A Love Letter to You 4,Trippie Redd,December 7
Please Excuse Me for Being Antisocial,Roddy Ricch,December 21
Fine Line,Harry Styles,December 28
Revival,Eminem,January 3
Reputation,Taylor Swift,January 6
Camila,Camila Cabello,January 27
Mania,Fall Out Boy,February 3
Culture II,Migos,February 10
Man of the Woods,Justin Timberlake,February 17
This House Is Not for Sale,Bon Jovi,March 10
Bobby Tarantino II,Logic,March 24
?,XXXTentacion,March 31
Boarding House Reach,Jack White,April 7
"My Dear Melancholy,",The Weeknd,April 14
Invasion of Privacy,Cardi B,April 21
Rearview Town,Jason Aldean,April 28
KOD,J. Cole,May 5
Beerbongs & Bentleys,Post Malone,May 12
Love Yourself: Tear,BTS,June 2
Shawn Mendes,Shawn Mendes,June 9
Ye,Kanye West,June 16
Come Tomorrow,Dave Matthews Band,June 23
Youngblood,5 Seconds of Summer,June 30
Pray for the Wicked,Panic! at the Disco,July 7
Scorpion,Drake,July 14
Astroworld,Travis Scott,August 18
Sweetener,Ariana Grande,September 1
Egypt Station,Paul McCartney,September 22
Cry Pretty,Carrie Underwood,September 29
Iridescence,Brockhampton,October 6
Tha Carter V,Lil Wayne,October 13
A Star Is Born,Lady Gaga,October 20
Sì,Andrea Bocelli,November 10
Not All Heroes Wear Capes,Metro Boomin,November 17
Experiment,Kane Brown,November 24
Delta,Mumford & Sons,December 1
Championships,Meek Mill,December 15
Dying to Live,Kodak Black,December 29
A Pentatonix Christmas,Pentatonix,January 7
Starboy,The Weeknd,January 21
Culture,Migos,February 18
I Decided.,Big Sean,February 25
Future,Future,March 11
Hndrxx,[16],March 18
÷,Ed Sheeran,March 25
More Life,Drake,April 8
Memories...Do Not Open,The Chainsmokers,April 29
Damn,Kendrick Lamar,May 6
Everybody,Logic,May 27
Harry Styles,Harry Styles,June 3
One More Light,Linkin Park,June 10
True to Self,Bryson Tiller,June 17
Hopeless Fountain Kingdom,Halsey,June 24
Witness,Katy Perry,July 1
Melodrama,Lorde,July 8
Grateful,DJ Khaled,July 15
4:44,Jay-Z,July 29
Lust for Life,Lana Del Rey,August 12
Everything Now,Arcade Fire,August 19
Rainbow,Kesha,September 2
Science Fiction,Brand New,September 9
Luv Is Rage 2,Lil Uzi Vert,September 16
American Dream,LCD Soundsystem,September 23
Life Changes,Thomas Rhett,September 30
Concrete and Gold,Foo Fighters,October 7
Wonderful Wonderful,The Killers,October 14
Now,Shania Twain,October 21
Perception,NF,October 28
Beautiful Trauma,Pink,November 4
Flicker,Niall Horan,November 11
Live in No Shoes Nation,Kenny Chesney,November 18
The Thrill of It All,Sam Smith,November 25
Reputation,Taylor Swift,December 2
Songs of Experience,U2,December 23
What Makes You Country,Luke Bryan,December 30
1989,Taylor Swift,January 3
Title,Meghan Trainor,January 31
American Beauty/American Psycho,Fall Out Boy,February 7
If You're Reading This It's Too Late,Drake,February 28
Smoke + Mirrors,Imagine Dragons,March 7
Dark Sky Paradise,Big Sean,March 14
Piece by Piece,Kelly Clarkson,March 21
To Pimp a Butterfly,Kendrick Lamar,April 4
The Album About Nothing,Wale,April 18
Handwritten,Shawn Mendes,May 2
Sound & Color,Alabama Shakes,May 9
Jekyll + Hyde,Zac Brown Band,May 16
Wilder Mind,Mumford & Sons,May 23
Blurryface,Twenty One Pilots,June 6
At. Long. Last. ASAP,ASAP Rocky,June 13
"How Big, How Blue, How Beautiful",Florence and the Machine,June 20
Drones,Muse,June 27
Before This World,James Taylor,July 4
Dark Before Dawn,Breaking Benjamin,July 11
Dreams Worth More Than Money,Meek Mill,July 18
Black Rose,Tyrese,August 1
DS2,Future,August 8
Woman,Jill Scott,August 15
Kill the Lights,Luke Bryan,August 29
Immortalized,Disturbed,September 12
Beauty Behind the Madness,The Weeknd,September 19
Fetty Wap,Fetty Wap,October 17
Unbreakable,Janet,October 24
Revival,Selena Gomez,October 31
Pentatonix,Pentatonix,November 7
Sounds Good Feels Good,5 Seconds of Summer,November 14
Traveller,Chris Stapleton,November 21
Purpose,Justin Bieber,December 5
25,Adele,December 12
Beyoncé,Beyoncé,January 4
Frozen,Soundtrack,January 18
High Hopes,Bruce Springsteen,February 1
The Outsiders,Eric Church,March 1
Oxymoron,Schoolboy Q,March 15
Mastermind,Rick Ross,March 22
Turn Blue,The Black Keys,May 31
Ghost Stories,Coldplay,June 7
Platinum,Miranda Lambert,June 21
Lazaretto,Jack White,June 28
Ultraviolence,Lana Del Rey,July 5
x,Ed Sheeran,July 12
Trigga,Trey Songz,July 19
1000 Forms of Fear,Sia,July 26
Mandatory Fun,"""Weird Al"" Yankovic",August 2
5 Seconds of Summer,5 Seconds of Summer,August 9
Hypnotic Eye,Tom Petty and the Heartbreakers,August 16
Blacc Hollywood,Wiz Khalifa,September 6
My Everything,Ariana Grande,September 13
V,Maroon 5,September 20
Anomaly,Lecrae,September 27
Partners,Barbra Streisand,October 4
Cheek to Cheek,Tony Bennett,October 11
Bringing Back the Sunshine,Blake Shelton,October 18
"Old Boots, New Dirt",Jason Aldean,October 25
Anything Goes,Florida Georgia Line,November 1
.5: The Gray Chapter,Slipknot,November 8
1989,Taylor Swift,November 15
Four,One Direction,December 6
2014 Forest Hills Drive,J. Cole,December 27
Burning Lights,Chris Tomlin,January 26
Long. Live. ASAP,ASAP Rocky,February 2
Set You Free,Gary Allan,February 9
Believe Acoustic,Justin Bieber,February 16
All That Echoes,Josh Groban,February 23
Babel,Mumford & Sons,March 2
Unorthodox Jukebox,Bruno Mars,March 16
Spring Break...Here to Party,Luke Bryan,March 23
What About Now,Bon Jovi,March 30
The 20/20 Experience,Justin Timberlake,April 6
Paramore,Paramore,April 27
Save Rock and Roll,Fall Out Boy,May 4
To Be Loved,Michael Bublé,May 11
Life on a Rock,Kenny Chesney,May 18
Golden,Lady Antebellum,May 25
Modern Vampires of the City,Vampire Weekend,June 1
Random Access Memories,Daft Punk,June 8
...Like Clockwork,Queens of the Stone Age,June 22
Yeezus,Kanye West,July 6
The Gifted,Wale,July 13
Born Sinner,J. Cole,July 20
Magna Carta Holy Grail,Jay-Z,July 27
Stars Dance,Selena Gomez,August 10
Blurred Lines,Robin Thicke,August 17
The Civil Wars,The Civil Wars,August 24
Hail to the King,Avenged Sevenfold,September 14
Yours Truly,Ariana Grande,September 21
From Here to Now to You,Jack Johnson,October 5
Nothing Was the Same,Drake,October 12
Bangerz,Miley Cyrus,October 26
Lightning Bolt,Pearl Jam,November 2
Prism,Katy Perry,November 9
Reflektor,Arcade Fire,November 16
The Marshall Mathers LP 2,Eminem,November 23
Artpop,Lady Gaga,November 30
Midnight Memories,One Direction,December 14
Blame It All on My Roots: Five Decades of Influences,Garth Brooks,December 21
Beyoncé,Beyoncé,December 28
Christmas,Michael Bublé,January 7
Wrecking Ball,Bruce Springsteen,March 24
Up All Night,One Direction,March 31
The Hunger Games: Songs from District 12 and Beyond,Soundtrack,April 7
Pink Friday: Roman Reloaded,Nicki Minaj,April 21
Tuskegee,Lionel Richie,April 28
Blunderbuss,Jack White,May 12
Blown Away,Carrie Underwood,May 19
Trespassing,Adam Lambert,June 2
Born and Raised,John Mayer,June 9
Looking 4 Myself,Usher,June 30
Believe,Justin Bieber,July 7
Living Things,Linkin Park,July 14
Fortune,Chris Brown,July 21
Uncaged,Zac Brown Band,July 28
Life Is Good,Nas,August 4
"God Forgives, I Don't",Rick Ross,August 18
Based on a T.R.U. Story,2 Chainz,September 1
Chapter V,Trey Songz,September 8
Eye on It,TobyMac,September 15
North,Matchbox Twenty,September 22
Away from the World,Dave Matthews Band,September 29
The Truth About Love,Pink,October 6
Babel,Mumford & Sons,October 13
Night Train,Jason Aldean,November 3
Unapologetic,Rihanna,December 8
Girl on Fire,Alicia Keys,December 15
Speak Now,Taylor Swift,January 1
Showroom of Compassion,Cake,January 29
The King Is Dead,The Decemberists,February 5
Mission Bell,Amos Lee,February 12
Pink Friday,Nicki Minaj,February 19
Now 37,Various Artists,February 26
Never Say Never – The Remixes,Justin Bieber,March 5
Lasers,Lupe Fiasco,March 26
F.A.M.E.,Chris Brown,April 9
Femme Fatale,Britney Spears,April 16
Wasting Light,Foo Fighters,April 30
Born This Way,Lady Gaga,June 11
Hell: The Sequel,Bad Meets Evil,July 2
The Light of the Sun,Jill Scott,July 9
Red River Blue,Blake Shelton,July 30
Chief,Eric Church,August 13
Watch the Throne,Jay-Z,August 27
The R.E.D. Album,Game,September 10
Tha Carter IV,Lil Wayne,September 17
Own the Night,Lady Antebellum,October 1
Duets II,Tony Bennett,October 8
Cole World: The Sideline Story,J. Cole,October 15
Clear as Day,Scotty McCreery,October 22
Evanescence,Evanescence,October 29
Mylo Xyloto,Coldplay,November 12
Blue Slide Park,Mac Miller,November 26
Take Care,Drake,December 3
Christmas,Michael Bublé,December 10
I Dreamed a Dream,Susan Boyle,January 2
Animal,Kesha,January 23
Contra,Vampire Weekend,January 30
Need You Now,Lady Antebellum,February 13
Soldier of Love,Sade,February 27
Battle of the Sexes,Ludacris,March 27
My World 2.0,Justin Bieber,April 10
Raymond v. Raymond,Usher,April 17
"Glee: The Music, The Power of Madonna", Cast,May 8
The Adventures of Bobby Ray,B.o.B,May 15
The Oracle,Godsmack,May 22
To the Sea,Jack Johnson,June 19
Thank Me Later,Drake,July 3
Recovery,Eminem,July 10
Nightmare,Avenged Sevenfold,August 14
The Suburbs,Arcade Fire,August 21
Teenage Dream,Katy Perry,September 11
Asylum,Disturbed,September 18
Kaleidoscope Heart,Sara Bareilles,September 25
A Thousand Suns,Linkin Park,October 2
You Get What You Give,Zac Brown Band,October 9
Hemingway's Whiskey,Kenny Chesney,October 16
Bullets in the Gun,Toby Keith,October 23
I Am Not a Human Being,Lil Wayne,October 30
The Incredible Machine,Sugarland,November 6
Speak Now,Taylor Swift,November 13
My Beautiful Dark Twisted Fantasy,Kanye West,December 11
Fearless,Taylor Swift,January 3
Working on a Dream,Bruce Springsteen,February 14
The Fray,The Fray,February 21
No Line on the Horizon,U2,March 21
All I Ever Wanted,Kelly Clarkson,March 28
Defying Gravity,Keith Urban,April 18
Unstoppable,Rascal Flatts,April 25
Deeper Than Rap,Rick Ross,May 9
Together Through Life,Bob Dylan,May 16
Epiphany,Chrisette Michele,May 23
21st Century Breakdown,Green Day,May 30
Relapse,Eminem,June 6
Big Whiskey and the GrooGrux King,Dave Matthews Band,June 20
The E.N.D.,The Black Eyed Peas,June 27
"Lines, Vines and Trying Times",Jonas Brothers,July 4
BLACKsummers'night,Maxwell,July 25
Leave This Town,Daughtry,August 1
Here We Go Again,Demi Lovato,August 8
Loso's Way,Fabolous,August 15
Live on the Inside,Sugarland,August 22
Twang,George Strait,August 29
Keep on Loving You,Reba McEntire,September 5
Breakthrough,Colbie Caillat,September 12
I Look to You,Whitney Houston,September 19
The Blueprint 3,Jay-Z,September 26
Backspacer,Pearl Jam,October 10
Love Is the Answer,Barbra Streisand,October 17
Crazy Love,Michael Bublé,October 24
This Is It,Michael Jackson,November 14
Play On,Carrie Underwood,November 21
The Circle,Bon Jovi,November 28
Battle Studies,John Mayer,December 5
I Dreamed a Dream,Susan Boyle,December 12
Growing Pains,Mary J. Blige,January 12
In Rainbows,Radiohead,January 19
As I Am,Alicia Keys,January 26
Sleep Through the Static,Jack Johnson,February 23
Discipline,Janet Jackson,March 15
Good Time,Alan Jackson,March 22
Trilla,Rick Ross,March 29
Welcome to the Dollhouse,Danity Kane,April 5
Day26,Day26,April 12
Troubadour,George Strait,April 19
Spirit,Leona Lewis,April 26
E=MC²,Mariah Carey,May 3
Hard Candy,Madonna,May 17
Home Before Dark,Neil Diamond,May 24
Narrow Stairs,Death Cab for Cutie,May 31
3 Doors Down,3 Doors Down,June 7
Here I Stand,Usher,June 14
Indestructible,Disturbed,June 21
Tha Carter III,Lil Wayne,June 28
Viva la Vida or Death and All His Friends,Coldplay,July 5
Untitled,Nas,August 2
Breakout,Miley Cyrus,August 9
Love on the Inside,Sugarland,August 16
A Little Bit Longer,Jonas Brothers,August 30
All Hope Is Gone,Slipknot,September 13
The Recession,Young Jeezy,September 20
Death Magnetic,Metallica,September 27
Paper Trail,T.I.,October 18
Lucky Old Sun,Kenny Chesney,November 1
Black Ice,AC/DC,November 8
Fearless,Taylor Swift,November 29
I Am… Sasha Fierce,Beyoncé,December 6
808s & Heartbreak,Kanye West,December 13
Circus,Britney Spears,December 20
Hip Hop Is Dead,Nas,January 6
Dreamgirls: Music from the Motion Picture,Soundtrack,January 20
Daughtry,Daughtry,February 3
Late Night Special,Pretty Ricky,February 10
Not Too Late,Norah Jones,February 17
Infinity on High,Fall Out Boy,February 24
Greatest Hits,The Notorious B.I.G.,March 24
Luvanmusiq,Musiq Soulchild,March 31
We Were Dead Before the Ship Even Sank,Modest Mouse,April 7
Let It Go,Tim McGraw,April 14
Now 24,Various Artists,April 21
The Best Damn Thing,Avril Lavigne,May 5
Because of You,Ne-Yo,May 19
Call Me Irresponsible,Michael Bublé,May 26
Minutes to Midnight,Linkin Park,June 2
It Won't Be Soon Before Long,Maroon 5,June 9
Double Up,R. Kelly,June 16
Epiphany,T-Pain,June 23
Big Dog Daddy,Toby Keith,June 30
Lost Highway,Bon Jovi,July 7
Hannah Montana 2: Meet Miley Cyrus,Hannah Montana,July 14
T.I. vs. T.I.P.,T.I.,July 21
Finding Forever,Common,August 18
UGK (Underground Kingz),UGK,August 25
Graduation,Kanye West,September 29
Reba: Duets,Reba McEntire,October 6
Still Feels Good,Rascal Flatts,October 13
Magic,Bruce Springsteen,October 20
Rock N Roll Jesus,Kid Rock,October 27
Carnival Ride,Carrie Underwood,November 10
Long Road Out of Eden,Eagles,November 17
American Gangster,Jay-Z,November 24
As I Am,Alicia Keys,December 1
Loyal to the Game,2Pac,January 1
Encore,Eminem,January 8
American Idiot,Green Day,January 22
The Documentary,The Game,February 5
Be as You Are (Songs from an Old Blue Chair),Kenny Chesney,February 12
Seventeen Days,3 Doors Down,February 26
Genius Loves Company,Ray Charles,March 5
The Massacre,50 Cent,March 19
The Emancipation of Mimi,Mariah Carey,April 30
…Something to Be,Rob Thomas,May 7
Devils & Dust,Bruce Springsteen,May 14
With Teeth,Nine Inch Nails,May 21
Stand Up,Dave Matthews Band,May 28
Mezmerize,System of a Down,June 4
Out of Exile,Audioslave,June 11
Somewhere Down in Texas,George Strait,July 16
TP-3: Reloaded,R. Kelly,July 23
Fireflies,Faith Hill,August 20
Chapter V,Staind,August 27
Most Wanted,Hilary Duff,September 3
Late Registration,Kanye West,September 17
The Peoples Champ,Paul Wall,October 1
Ten Thousand Fists,Disturbed,October 8
All Jacked Up,Gretchen Wilson,October 15
All the Right Reasons,Nickelback,October 22
Unplugged,Alicia Keys,October 29
I Am Me,Ashlee Simpson,November 5
Confessions on a Dance Floor,Madonna,December 3
The Diary of Alicia Keys,Alicia Keys,January 3
Speakerboxxx/The Love Below,OutKast,January 10
Closer,Josh Groban,January 24
Kamikaze,Twista,February 14
When the Sun Goes Down,Kenny Chesney,February 21
Feels Like Home,Norah Jones,February 28
Confessions,Usher,April 10
Kiss of Death,Jadakiss,July 10
The Hunger For More,Lloyd Banks,July 17
Autobiography,Ashlee Simpson,August 7
Live Like You Were Dying,Tim McGraw,September 11
What I Do,Alan Jackson,September 25
American Idiot,Green Day,October 9
Feels Like Today,Rascal Flatts,October 16
Unfinished Business,R. Kelly,November 13
Encore,Eminem,November 27
How to Dismantle an Atomic Bomb,U2,December 11
Collision Course,Linkin Park,December 18
The Red Light District,Ludacris,December 25
Come Away with Me,Norah Jones,January 25
Get Rich or Die Tryin',50 Cent,February 22
Chocolate Factory,R. Kelly,March 8
Meteora,Linkin Park,April 12
Faceless,Godsmack,April 26
Thankful,Kelly Clarkson,May 3
American Life,Madonna,May 10
Body Kiss,The Isley Brothers,May 24
The Golden Age of Grotesque,Marilyn Manson,May 31
14 Shades of Grey,Staind,June 7
How the West Was Won,Led Zeppelin,June 14
St. Anger,Metallica,June 21
Dance with My Father,Luther Vandross,June 28
After the Storm,Monica,July 5
Dangerously in Love,Beyoncé,July 12
Chapter II,Ashanti,July 19
Greatest Hits Volume II and Some Other Stuff,Alan Jackson,August 30
Love & Life,Mary J. Blige,September 13
Metamorphosis,Hilary Duff,September 20
Heavier Things,John Mayer,September 27
Grand Champ,DMX,October 4
Speakerboxxx/The Love Below,OutKast,October 11
Chicken*N*Beer,Ludacris,October 25
Measure of a Man,Clay Aiken,November 1
Shock'n Y'all,Toby Keith,November 22
The Black Album,Jay-Z,November 29
In the Zone,Britney Spears,December 6
The Diary of Alicia Keys,Alicia Keys,December 20
Soulful,Ruben Studdard,December 27
Weathered,Creed,January 5
Drive,Alan Jackson,February 2
J to tha L-O!: The Remixes,Jennifer Lopez,February 23
Under Rug Swept,Alanis Morissette,March 16
A New Day Has Come,Celine Dion,April 13
Ashanti,Ashanti,April 20
"No Shoes, No Shirt, No Problems",Kenny Chesney,May 11
Hood Rich,Big Tymers,May 18
Juslisen,Musiq Soulchild,May 25
We Invented the Remix,P. Diddy,June 1
The Eminem Show,Eminem,June 8
Nellyville,Nelly,July 13
Busted Stuff,Dave Matthews Band,August 3
Unleashed,Toby Keith,August 10
The Rising,Bruce Springsteen,August 17
Believe,Disturbed,October 5
ELV1S: 30#1 Hits,Elvis Presley,October 12
Shaman,Santana,November 9
The Blueprint²: The Gift & the Curse,Jay-Z,November 30
1,The Beatles,
J. Lo,Jennifer Lopez,
Hot Shot,Shaggy,
Everyday,Dave Matthews Band,
Until the End of Time,2Pac,
All for You,Janet Jackson,
Survivor,Destiny's Child,
Lateralus,Tool,
Break the Cycle,Staind,
Take Off Your Pants and Jacket,Blink-182,
Devil's Night,D12,
Songs in A Minor,Alicia Keys,
Celebrity,NSYNC,
Now,Maxwell,
Aaliyah,Aaliyah,
Toxicity,System of a Down,
The Blueprint,Jay-Z,
Pain Is Love,Ja Rule,
The Great Depression,DMX,
Invincible,Michael Jackson,
Britney,Britney Spears,
Scarecrow,Garth Brooks,
Weathered,Creed,
All the Way... A Decade of Song,Celine Dion,January 1
...And Then There Was X,DMX,January 8
Vol. 3: Life and Times of S. Carter,Jay-Z,January 15
Supernatural,Santana,January 22
Voodoo,D'Angelo,February 12
No Strings Attached,NSYNC,April 8
Oops!... I Did It Again,Britney Spears,June 3
The Marshall Mathers LP,Eminem,June 10
Country Grammar,Nelly,August 26
G.O.A.T.,LL Cool J,September 30
Music,Madonna,October 7
Let's Get Ready,Mystikal,October 14
Kid A,Radiohead,October 21
Rule 3:36,Ja Rule,October 28
Chocolate Starfish and the Hot Dog Flavored Water,Limp Bizkit,November 4
TP-2.com,R. Kelly,November 25
Black & Blue,Backstreet Boys,December 9
Double Live,Garth Brooks,January 2
"Flesh of My Flesh, Blood of My Blood",DMX,January 9
...Baby One More Time,Britney Spears,January 30
Made Man,Silkk The Shocker,February 6
Chyna Doll,Foxy Brown,February 13
FanMail,TLC,March 13
I Am…,Nas,April 24
A Place in the Sun,Tim McGraw,May 22
Ricky Martin,Ricky Martin,May 29
Millennium,Backstreet Boys,June 5
Significant Other,Limp Bizkit,July 10
Christina Aguilera,Christina Aguilera,September 11
Ruff Ryders' First Lady,Eve,October 2
The Fragile,Nine Inch Nails,October 9
Human Clay,Creed,October 16
Supernatural,Santana,October 30
The Battle of Los Angeles,Rage Against the Machine,November 20
Breathe,Faith Hill,November 27
Issues,Korn,December 4
All the Way... A Decade of Song,Celine Dion,December 11
Born Again,The Notorious B.I.G.,December 25
Sevens,Garth Brooks,January 3
Let's Talk About Love,Celine Dion,January 17
Titanic: Music from the Motion Picture,James Horner,January 24
Before These Crowded Streets,Dave Matthews Band,May 16
It's Dark and Hell Is Hot,DMX,June 6
MP Da Last Don,Master P,June 20
Hello Nasty,Beastie Boys,August 1
Da Game Is to Be Sold Not to Be Told,Snoop Dogg,August 22
Follow the Leader,Korn,September 5
The Miseducation of Lauryn Hill,Lauryn Hill,September 12
Mechanical Animals,Marilyn Manson,October 3
Vol. 2... Hard Knock Life,Jay-Z,October 17
Supposed Former Infatuation Junkie,Alanis Morissette,November 21
Tragic Kingdom,No Doubt,January 4
Unchained Melody: The Early Years,LeAnn Rimes,March 1
Secret Samadhi,Live,March 8
The Untouchable,Scarface,March 29
Nine Lives,Aerosmith,April 5
Life After Death,The Notorious B.I.G.,April 12
Share My World,Mary J. Blige,May 10
Carrying Your Love with Me,George Strait,May 17
Spice,Spice Girls,May 24
Wu-Tang Forever,Wu-Tang Clan,June 21
Butterfly Kisses (Shades of Grace),Bob Carlisle,June 28
The Fat of the Land,The Prodigy,July 19
No Way Out,Puff Daddy,August 9
The Art of War,Bone Thugs N Harmony,August 16
The Dance,Fleetwood Mac,September 6
Ghetto D,Master P,September 20
Butterfly,Mariah Carey,October 4
Evolution,Boyz II Men,October 11
The Velvet Rope,Janet,October 25
The Firm – The Album,The Firm,November 8
Harlem World,Mase,November 15
Higher Ground,Barbra Streisand,November 29
ReLoad,Metallica,December 6
Sevens,Garth Brooks,December 13
Daydream,Mariah Carey,January 6
Waiting to Exhale,Whitney Houston,January 20
Jagged Little Pill,Alanis Morissette,February 24
All Eyez on Me,2Pac,March 2
Anthology 2,The Beatles,April 6
Evil Empire,Rage Against the Machine,May 4
Fairweather Johnson,Hootie & the Blowfish,May 11
The Score,Fugees,May 25
It Was Written,Nas,July 20
"Beats, Rhymes and Life",A Tribe Called Quest,August 17
No Code,Pearl Jam,September 14
Home Again,New Edition,September 28
Falling into You,Celine Dion,October 5
From the Muddy Banks of the Wishkah,Nirvana,October 19
Recovering the Satellites,Counting Crows,November 2
Best Of – Volume I,Van Halen,November 9
The Don Killuminati: The 7 Day Theory,Makaveli,November 23
Tha Doggfather,Snoop Doggy Dogg,November 30
Razorblade Suitcase,Bush,December 7
Tragic Kingdom,No Doubt,December 21
The Hits,Garth Brooks,January 7
Balance,Van Halen,February 11
Greatest Hits,Bruce Springsteen,March 18
Me Against the World,2Pac,April 1
Throwing Copper,Live,May 6
Cracked Rear View,Hootie & the Blowfish,May 27
P•U•L•S•E,Pink Floyd,June 24
"HIStory: Past, Present and Future, Book I",Michael Jackson,July 8
Dreaming of You,Selena,August 5
E. 1999 Eternal,Bone Thugs-n-Harmony,August 12
Jagged Little Pill,Alanis Morissette,October 7
Daydream,Mariah Carey,October 21
Mellon Collie and the Infinite Sadness,The Smashing Pumpkins,November 11
Dogg Food,Tha Dogg Pound,November 18
Alice in Chains,Alice in Chains,November 25
R. Kelly,R. Kelly,December 2
Anthology 1,The Beatles,December 9
Music Box,Mariah Carey,January 1
Doggystyle,Snoop Doggy Dogg,January 15
Toni Braxton,Toni Braxton,February 26
Superunknown,Soundgarden,March 26
The Sign,Ace of Base,April 2
Far Beyond Driven,Pantera,April 9
Longing in Their Hearts,Bonnie Raitt,April 16
The Division Bell,Pink Floyd,April 23
Not a Moment Too Soon,Tim McGraw,May 21
Ill Communication,Beastie Boys,June 18
Purple,Stone Temple Pilots,June 25
The Lion King,Elton John,July 16
From the Cradle,Eric Clapton,October 1
Monster,R.E.M.,October 15
Murder Was the Case,Snoop Dogg,November 5
MTV Unplugged in New York,Nirvana,November 19
Hell Freezes Over,Eagles,November 26
Miracles: The Holiday Album,Kenny G,December 10
Vitalogy,Pearl Jam,December 24
The Bodyguard,Whitney Houston,January 2
Unplugged,Eric Clapton,March 13
Songs of Faith and Devotion,Depeche Mode,April 10
Get a Grip,Aerosmith,May 8
janet.,Janet Jackson,June 5
Back to Broadway,Barbra Streisand,July 17
Zooropa,U2,July 24
Black Sunday,Cypress Hill,August 7
River of Dreams,Billy Joel,August 28
In Pieces,Garth Brooks,September 18
In Utero,Nirvana,October 9
Bat Out of Hell II: Back into Hell,Meat Loaf,October 30
Doggystyle,Snoop Doggy Dogg,December 11
Music Box,Mariah Carey,December 25
Dangerous,Michael Jackson,January 4
Nevermind,Nirvana,January 11
Ropin' the Wind,Garth Brooks,January 18
Adrenalize,Def Leppard,April 18
Totally Krossed Out,Kris Kross,May 23
The Southern Harmony and Musical Companion,The Black Crowes,May 30
Some Gave All,Billy Ray Cyrus,June 13
Timeless: The Classics,Michael Bolton,November 21
The Predator,Ice Cube,December 5
The Bodyguard,Whitney Houston,December 12
To the Extreme,Vanilla Ice,January 5
Mariah Carey,Mariah Carey,February 2
Out of Time,R.E.M.,May 18
"Time, Love & Tenderness",Michael Bolton,May 25
Spellbound,Paula Abdul,June 8
Niggaz4Life,N.W.A,June 22
Slave to the Grind,Skid Row,June 29
For Unlawful Carnal Knowledge,Van Halen,July 6
Unforgettable... with Love,Natalie Cole,July 27
Metallica,Metallica,August 31
Ropin' the Wind,Garth Brooks,September 28
Use Your Illusion II,Guns N' Roses,October 5
Achtung Baby,U2,December 7
Dangerous,Michael Jackson,December 14
Giving You the Best That I Got,Anita Baker,January 7
Don't Be Cruel,Bobby Brown,January 21
Appetite for Destruction,Guns N' Roses,February 11
Electric Youth,Debbie Gibson,March 11
Lōc-ed After Dark,Tone Lōc,April 15
Like a Prayer,Madonna,April 22
The Raw & the Cooked,Fine Young Cannibals,June 3
Batman,Prince,July 22
Repeat Offender,Richard Marx,September 2
Hangin' Tough,New Kids on the Block,September 9
Girl You Know It's True,Milli Vanilli,September 23
Forever Your Girl,Paula Abdul,October 7
Dr. Feelgood,Mötley Crüe,October 14
Janet Jackson's Rhythm Nation 1814,Janet Jackson,October 28
Storm Front,Billy Joel,December 16
...But Seriously,Phil Collins,December 30
Dirty Dancing,Soundtrack,January 2
Faith,George Michael,January 16
Tiffany,Tiffany,January 23
OU812,Van Halen,June 25
Hysteria,Def Leppard,July 23
Appetite for Destruction,Guns N' Roses,August 6
Roll with It,Steve Winwood,August 20
Tracy Chapman,Tracy Chapman,August 27
New Jersey,Bon Jovi,October 15
Rattle and Hum,U2,November 12
Giving You the Best That I Got,Anita Baker,December 24
Live/1975–85,Bruce Springsteen,January 3
Slippery When Wet,Bon Jovi,January 17
Licensed to Ill,Beastie Boys,March 7
The Joshua Tree,U2,April 25
Whitney,Whitney Houston,June 27
La Bamba,Los Lobos,September 12
The Broadway Album,Barbra Streisand,January 25
Promise,Sade,February 15
Welcome to the Real World,Mr. Mister,March 1
Whitney Houston,Whitney Houston,March 8
Control,Janet Jackson,July 5
Winner in You,Patti LaBelle,July 19
True Blue,Madonna,August 16
Dancing on the Ceiling,Lionel Richie,September 27
Fore!,Huey Lewis and the News,October 18
Slippery When Wet,Bon Jovi,October 25
Third Stage,Boston,November 1
Live/1975–85,Bruce Springsteen,November 29
Purple Rain,Prince,January 5
Born in the U.S.A.,Bruce Springsteen,January 19
Like a Virgin,Madonna,February 9
Make It Big,Wham!,March 2
Centerfield,John Fogerty,March 23
No Jacket Required,Phil Collins,March 30
We Are the World,USA for Africa,April 27
Songs from the Big Chair,Tears for Fears,July 13
Reckless,Bryan Adams,August 10
Brothers in Arms,Dire Straits,August 31
Heart,Heart,December 21
